DATE,QUANTITY,CODECONTENT
2025-03-05 00:59:29 -0500,1,392325030085
2025-03-05 01:42:58 -0500,1,701571749731
2025-03-05 00:32:40 -0500,1,704579857729
2025-04-12 06:27:37 -0400,1,1929979013646
2025-04-12 06:24:34 -0400,2,4717702260897
2025-04-12 05:43:31 -0400,1,9780063257603
2025-04-12 05:45:40 -0400,1,9780063336223
2025-04-12 07:10:11 -0400,1,9780811216180
2025-04-12 06:04:55 -0400,1,9780819568328
2025-03-05 00:46:55 -0500,1,9780939010936
2025-04-12 05:46:12 -0400,1,9780957551138
2025-03-05 20:20:41 -0500,1,9781250768919
2025-04-12 05:44:27 -0400,2,9781590172483
2025-03-05 00:58:36 -0500,1,9781612199092
2025-04-12 06:14:17 -0400,2,9781639887989
2025-04-12 05:43:10 -0400,1,9781681376486
2025-03-05 00:46:38 -0500,1,9781938890932
2025-03-05 00:42:24 -0500,2,9781951627058
2025-03-03 00:32:34 -0500,1,9783966025645
2025-04-12 06:27:45 -0400,1,9784098611171
2025-04-12 06:30:19 -0400,1,9784758439053
2025-03-05 01:49:23 -0500,2,9786263355668
2025-03-05 01:41:58 -0500,1,9786263538948
2025-04-11 23:21:56 -0400,1,9786267113554
2025-03-05 20:29:32 -0500,1,9786267206430
2025-04-12 05:54:02 -0400,1,9787010083834
2025-04-12 07:11:02 -0400,2,9787020002207
2025-04-12 07:10:48 -0400,3,9787020051830
2025-03-05 20:28:34 -0500,1,9787020107438
2025-03-03 00:20:14 -0500,1,9787020116614
2025-03-05 01:04:29 -0500,1,9787020118021
2025-03-03 00:22:07 -0500,1,9787020122318
2025-03-03 00:22:19 -0500,2,9787020129003
2025-03-03 00:06:00 -0500,2,9787020129621
2025-03-03 00:01:43 -0500,1,9787020135004
2025-03-05 00:33:19 -0500,2,9787020135707
2025-03-03 00:01:40 -0500,2,9787020136520
2025-03-03 00:14:51 -0500,2,9787020141869
2025-03-03 00:08:45 -0500,2,9787020143535
2025-03-05 00:33:59 -0500,2,9787020144778
2025-03-03 00:01:36 -0500,2,9787020145003
2025-03-05 00:35:14 -0500,1,9787020145508
2025-03-05 00:35:28 -0500,1,9787020145515
2025-03-05 00:34:06 -0500,2,9787020150687
2025-04-12 06:46:22 -0400,1,9787020152179
2025-04-12 07:12:14 -0400,2,9787020156061
2025-03-05 00:36:05 -0500,2,9787020156290
2025-03-03 00:01:17 -0500,1,9787020157990
2025-03-03 00:25:50 -0500,2,9787020160495
2025-03-03 00:04:57 -0500,1,9787020160617
2025-03-05 01:44:33 -0500,1,9787020165742
2025-03-05 00:34:44 -0500,2,9787020166688
2025-04-11 23:33:29 -0400,2,9787020168699
2025-03-03 00:31:19 -0500,1,9787020169139
2025-04-12 06:24:54 -0400,1,9787020171767
2025-03-05 01:04:09 -0500,2,9787020171972
2025-03-05 20:23:43 -0500,1,9787020172375
2025-03-03 00:27:30 -0500,1,9787020174782
2025-04-12 05:55:41 -0400,1,9787030429513
2025-04-12 05:56:03 -0400,1,9787030447760
2025-04-12 05:55:57 -0400,1,9787030691736
2025-03-05 19:31:17 -0500,1,9787100006392
2025-04-12 06:36:51 -0400,2,9787100037044
2025-04-12 06:52:32 -0400,2,9787100070300
2025-03-03 00:10:44 -0500,2,9787100106276
2025-04-12 06:52:45 -0400,2,9787100128469
2025-03-05 20:36:32 -0500,1,9787100139014
2025-03-05 20:26:44 -0500,3,9787100153683
2025-03-03 00:18:30 -0500,2,9787100157728
2025-03-05 00:34:50 -0500,2,9787100160483
2025-04-12 05:40:50 -0400,2,9787100180450
2025-03-05 20:50:36 -0500,6,9787100182546
2025-03-05 00:42:55 -0500,1,9787100183581
2025-04-12 05:19:23 -0400,2,9787100185691
2025-04-12 06:54:56 -0400,1,9787100200554
2025-04-11 23:25:55 -0400,1,9787100208093
2025-03-05 19:54:56 -0500,1,9787100220767
2025-04-12 05:49:30 -0400,1,9787101066289
2025-04-12 07:09:28 -0400,3,9787101086829
2025-04-12 05:31:29 -0400,1,9787101121575
2025-04-12 07:11:11 -0400,2,9787101124552
2025-03-05 20:26:49 -0500,1,9787101126747
2025-04-12 06:03:27 -0400,1,9787101130560
2025-04-12 07:09:46 -0400,2,9787101133516
2025-03-05 20:27:06 -0500,1,9787101139747
2025-04-12 05:55:11 -0400,3,9787101158113
2025-04-12 06:04:22 -0400,1,9787108050281
2025-03-05 00:49:17 -0500,1,9787108052599
2025-03-05 20:44:05 -0500,1,9787108052971
2025-04-12 06:04:35 -0400,1,9787108052988
2025-04-12 06:04:17 -0400,1,9787108052995
2025-04-12 07:03:03 -0400,1,9787108067302
2025-04-12 07:08:56 -0400,1,9787108067326
2025-04-11 23:27:51 -0400,2,9787108068255
2025-04-12 07:02:04 -0400,2,9787108071521
2025-04-12 05:28:39 -0400,2,9787108071750
2025-04-12 06:04:48 -0400,2,9787108072535
2025-03-05 20:26:09 -0500,2,9787108073723
2025-04-12 06:28:05 -0400,1,9787111698159
2025-04-12 05:45:24 -0400,1,9787115633415
2025-04-12 05:45:29 -0400,1,9787115635624
2025-04-12 06:48:09 -0400,1,9787122346032
2025-04-12 06:47:58 -0400,3,9787122376770
2025-04-12 06:19:22 -0400,1,9787200150087
2025-04-12 05:46:52 -0400,2,9787200164244
2025-03-05 20:28:40 -0500,3,9787201099354
2025-04-12 06:38:05 -0400,1,9787201138183
2025-03-05 00:38:59 -0500,2,9787201141176
2025-04-12 07:09:59 -0400,1,9787201153988
2025-04-11 23:29:44 -0400,2,9787201161693
2025-04-12 07:08:40 -0400,1,9787205098636
2025-04-12 06:24:09 -0400,1,9787205100636
2025-04-12 06:24:03 -0400,1,9787205100704
2025-03-05 00:49:09 -0500,1,9787205103064
2025-04-12 06:26:49 -0400,1,9787208077928
2025-04-12 06:26:12 -0400,2,9787208096851
2025-04-12 05:58:09 -0400,1,9787208098107
2025-03-03 00:09:57 -0500,1,9787208102019
2025-03-03 00:14:06 -0500,1,9787208108448
2025-04-12 05:31:12 -0400,2,9787208113954
2025-03-05 20:09:12 -0500,1,9787208138858
2025-04-12 06:46:38 -0400,1,9787208144163
2025-04-11 23:30:40 -0400,2,9787208155466
2025-03-02 23:50:44 -0500,2,9787208161757
2025-03-05 01:01:18 -0500,1,9787208161795
2025-03-05 01:49:07 -0500,1,9787208164703
2025-03-05 01:04:36 -0500,1,9787208165007
2025-04-12 06:51:46 -0400,2,9787208169517
2025-03-03 00:27:58 -0500,2,9787208169944
2025-04-11 23:28:15 -0400,1,9787208170841
2025-03-05 20:03:11 -0500,1,9787208172470
2025-03-03 00:02:59 -0500,2,9787208174252
2025-03-05 00:41:17 -0500,1,9787208175716
2025-03-03 00:03:54 -0500,4,9787208175839
2025-04-12 06:04:11 -0400,1,9787208176393
2025-03-05 20:26:59 -0500,2,9787208176584
2025-03-05 18:43:23 -0500,2,9787208177895
2025-03-03 00:22:43 -0500,1,9787208178311
2025-04-12 06:53:22 -0400,2,9787208178977
2025-03-05 00:51:34 -0500,2,9787208180161
2025-03-05 20:49:07 -0500,1,9787208181564
2025-03-05 01:44:25 -0500,2,9787208182851
2025-03-05 21:00:07 -0500,2,9787214268761
2025-03-05 21:00:19 -0500,1,9787214268808
2025-04-12 05:55:21 -0400,1,9787216092852
2025-04-12 05:30:25 -0400,1,9787218000503
2025-03-05 00:33:51 -0500,1,9787219092101
2025-03-05 20:27:32 -0500,2,9787219111192
2025-03-05 00:30:50 -0500,2,9787219115930
2025-04-12 05:30:16 -0400,2,9787220091759
2025-03-05 00:48:51 -0500,1,9787220104145
2025-03-05 00:42:01 -0500,1,9787220104305
2025-03-05 01:48:09 -0500,1,9787220113468
2025-03-05 01:49:11 -0500,2,9787220113949
2025-03-05 01:48:13 -0500,1,9787220114632
2025-04-12 06:38:22 -0400,1,9787220115875
2025-03-05 01:34:11 -0500,1,9787220119057
2025-03-05 00:31:30 -0500,2,9787220125584
2025-03-05 00:58:43 -0500,1,9787220126338
2025-03-05 01:43:18 -0500,1,9787220126970
2025-03-05 00:27:55 -0500,1,9787220127267
2025-03-05 01:48:57 -0500,1,9787221150646
2025-03-05 00:59:12 -0500,2,9787222230071
2025-03-03 00:04:20 -0500,1,9787224122169
2025-03-03 00:29:24 -0500,2,9787229051365
2025-04-12 06:54:19 -0400,3,9787229166588
2025-03-05 01:42:28 -0500,1,9787229170103
2025-04-12 05:57:21 -0400,1,9787301007617
2025-03-05 20:00:06 -0500,2,9787301249109
2025-04-11 23:35:29 -0400,2,9787301332726
2025-03-05 20:05:27 -0500,1,9787305103568
2025-03-05 20:23:50 -0500,1,9787305138287
2025-04-12 06:52:12 -0400,2,9787305146435
2025-03-03 00:22:47 -0500,3,9787305177361
2025-04-11 23:31:19 -0400,1,9787305177385
2025-03-05 20:01:18 -0500,3,9787305209635
2025-03-05 19:18:08 -0500,1,9787305214035
2025-03-15 18:07:26 -0400,1,9787305218415
2025-04-12 06:36:17 -0400,1,9787305220944
2025-03-05 20:08:50 -0500,2,9787305234859
2025-03-05 20:54:40 -0500,1,9787305237300
2025-03-03 00:14:13 -0500,2,9787305247026
2025-03-05 19:50:11 -0500,1,9787305250279
2025-04-12 05:18:22 -0400,2,9787307175266
2025-04-12 05:11:59 -0400,2,9787307224896
2025-03-05 20:00:00 -0500,1,9787309158403
2025-03-05 19:32:11 -0500,1,9787309164176
2025-03-05 19:20:31 -0500,1,9787408385885
2025-03-05 20:23:33 -0500,3,9787500170693
2025-03-05 20:25:45 -0500,2,9787500170709
2025-04-12 05:29:33 -0400,2,9787500477051
2025-03-05 19:31:00 -0500,1,9787500877332
2025-03-03 00:04:48 -0500,2,9787500881391
2025-04-12 05:52:34 -0400,1,9787501044474
2025-03-05 20:02:35 -0500,2,9787501063734
2025-04-12 07:03:18 -0400,2,9787501366637
2025-04-12 05:56:43 -0400,1,9787501372041
2025-04-12 07:04:51 -0400,1,9787503411700
2025-04-12 06:47:18 -0400,5,9787503951169
2025-04-12 06:03:47 -0400,2,9787503970030
2025-04-12 06:51:02 -0400,2,9787505442894
2025-04-12 06:50:45 -0400,1,9787505443334
2025-04-12 06:21:44 -0400,1,9787505743311
2025-03-05 20:21:40 -0500,1,9787505748255
2025-03-05 20:52:24 -0500,1,9787505755963
2025-03-05 01:42:33 -0500,1,9787506036771
2025-04-12 05:28:46 -0400,1,9787506052788
2025-03-05 00:59:53 -0500,1,9787506094757
2025-03-05 00:51:29 -0500,3,9787506318501
2025-03-05 01:42:43 -0500,5,9787506366755
2025-04-12 07:08:48 -0400,2,9787506369916
2025-04-12 06:40:40 -0400,1,9787506380263
2025-04-12 07:05:02 -0400,1,9787506386333
2025-03-05 01:00:23 -0500,2,9787506395229
2025-03-03 00:30:54 -0500,1,9787506396677
2025-03-05 20:37:00 -0500,3,9787506397810
2025-03-03 00:25:33 -0500,1,9787506397827
2025-03-05 20:53:34 -0500,1,9787508656120
2025-03-05 01:07:37 -0500,1,9787508671833
2025-03-05 20:27:40 -0500,1,9787508672205
2025-04-12 05:47:21 -0400,1,9787508677989
2025-04-12 06:47:09 -0400,5,9787508685885
2025-04-12 06:18:59 -0400,3,9787508689142
2025-03-03 00:05:33 -0500,6,9787508690797
2025-03-05 01:06:34 -0500,1,9787508691923
2025-04-12 05:58:56 -0400,1,9787508692814
2025-04-12 06:42:01 -0400,1,9787509016992
2025-04-12 06:59:33 -0400,2,9787509780640
2025-04-12 05:51:33 -0400,1,9787509799710
2025-03-03 00:03:20 -0500,2,9787510874826
2025-03-05 18:45:06 -0500,4,9787510875304
2025-03-05 01:08:05 -0500,1,9787510892745
2025-03-05 01:13:18 -0500,2,9787510893735
2025-03-05 20:08:33 -0500,1,9787511731845
2025-03-05 20:52:35 -0500,3,9787512514959
2025-04-12 06:39:48 -0400,2,9787513341011
2025-03-05 20:44:35 -0500,1,9787513342988
2025-04-11 23:31:09 -0400,3,9787513348669
2025-03-05 18:43:51 -0500,2,9787513349437
2025-03-05 20:59:35 -0500,1,9787513349598
2025-03-05 20:55:02 -0500,2,9787513351201
2025-03-05 20:01:32 -0500,1,9787513352512
2025-03-05 20:22:38 -0500,2,9787513352673
2025-03-05 00:59:41 -0500,1,9787513357371
2025-04-12 07:09:08 -0400,1,9787513402439
2025-04-12 07:09:12 -0400,1,9787513413824
2025-03-03 00:04:45 -0500,1,9787513560368
2025-03-05 20:07:00 -0500,2,9787513903509
2025-04-12 07:11:34 -0400,3,9787513905008
2025-03-05 01:49:01 -0500,1,9787514223408
2025-04-12 07:11:49 -0400,1,9787514235715
2025-04-12 07:07:22 -0400,1,9787514370409
2025-04-12 05:58:01 -0400,1,9787514616293
2025-04-12 07:06:56 -0400,2,9787514918939
2025-03-05 20:36:41 -0500,1,9787515215372
2025-04-12 06:49:54 -0400,1,9787515364667
2025-04-12 06:40:11 -0400,2,9787515522050
2025-04-12 07:11:40 -0400,3,9787516142332
2025-04-12 06:42:10 -0400,2,9787516810040
2025-04-11 23:36:02 -0400,2,9787516820759
2025-04-12 06:01:01 -0400,2,9787518068241
2025-04-12 05:46:44 -0400,1,9787519264109
2025-04-11 23:27:21 -0400,1,9787520128780
2025-04-12 06:49:19 -0400,2,9787520142625
2025-04-11 23:35:19 -0400,1,9787520145930
2025-04-12 05:51:11 -0400,2,9787520164719
2025-03-05 20:48:28 -0500,1,9787520167666
2025-04-12 05:49:54 -0400,2,9787520712507
2025-03-05 00:33:11 -0500,1,9787521207088
2025-03-05 00:43:06 -0500,1,9787521215182
2025-03-05 20:23:13 -0500,1,9787521215885
2025-03-05 01:03:31 -0500,2,9787521223385
2025-03-03 00:02:01 -0500,2,9787521323863
2025-03-03 00:30:14 -0500,2,9787521340983
2025-04-12 05:18:37 -0400,1,9787521702996
2025-03-05 00:58:50 -0500,1,9787521703665
2025-04-12 06:22:00 -0400,6,9787521703955
2025-04-12 05:23:19 -0400,1,9787521704167
2025-03-03 00:04:31 -0500,1,9787521704280
2025-03-05 20:00:46 -0500,2,9787521704471
2025-04-12 06:26:21 -0400,1,9787521710250
2025-04-12 06:52:23 -0400,2,9787521710557
2025-03-05 19:54:11 -0500,1,9787521710571
2025-03-03 00:23:57 -0500,4,9787521712391
2025-03-05 18:42:59 -0500,1,9787521713756
2025-03-05 20:23:59 -0500,1,9787521715491
2025-03-05 20:27:11 -0500,1,9787521718089
2025-03-05 01:01:57 -0500,1,9787521722123
2025-04-12 05:58:21 -0400,1,9787521722994
2025-03-05 01:42:53 -0500,2,9787521725353
2025-03-05 01:03:17 -0500,1,9787521732962
2025-04-12 05:13:25 -0400,1,9787521735024
2025-04-12 05:17:34 -0400,2,9787521736779
2025-04-12 05:55:31 -0400,1,9787521739336
2025-03-03 00:10:01 -0500,1,9787521739824
2025-04-12 05:13:34 -0400,1,9787521740806
2025-03-05 00:30:05 -0500,1,9787521741230
2025-03-05 19:17:02 -0500,1,9787521743883
2025-03-05 01:33:13 -0500,1,9787521749731
2025-03-02 23:57:57 -0500,1,9787521754896
2025-03-05 01:00:08 -0500,1,9787521758757
2025-04-12 05:48:00 -0400,1,9787522505169
2025-03-05 01:02:17 -0500,1,9787530219478
2025-03-05 00:48:16 -0500,1,9787530219850
2025-03-05 01:07:50 -0500,1,9787530221174
2025-03-05 01:48:45 -0500,1,9787530221280
2025-03-05 19:31:12 -0500,1,9787530222294
2025-03-05 00:48:12 -0500,2,9787530678787
2025-03-05 00:51:37 -0500,1,9787530678886
2025-03-03 00:24:59 -0500,4,9787530751152
2025-04-12 07:11:20 -0400,1,9787531728979
2025-04-12 07:01:53 -0400,1,9787531728986
2025-04-12 07:12:22 -0400,1,9787531730354
2025-04-12 06:46:58 -0400,2,9787531757573
2025-03-05 00:42:48 -0500,1,9787532163465
2025-04-11 23:38:40 -0400,3,9787532174331
2025-03-05 00:43:43 -0500,2,9787532177677
2025-03-05 01:07:18 -0500,2,9787532178094
2025-04-12 05:39:38 -0400,1,9787532179084
2025-04-11 23:36:59 -0400,1,9787532179251
2025-03-05 00:49:53 -0500,2,9787532180110
2025-03-05 01:01:51 -0500,9,9787532180141
2025-03-05 20:26:31 -0500,1,9787532180295
2025-04-11 23:37:49 -0400,3,9787532180486
2025-03-05 01:42:15 -0500,1,9787532180523
2025-03-05 19:20:05 -0500,5,9787532181353
2025-03-05 01:06:25 -0500,3,9787532181971
2025-04-11 23:42:06 -0400,1,9787532183029
2025-03-05 19:16:36 -0500,1,9787532183418
2025-04-11 23:35:37 -0400,2,9787532183425
2025-04-11 23:36:51 -0400,2,9787532183654
2025-03-05 01:12:19 -0500,4,9787532184422
2025-04-11 23:36:36 -0400,1,9787532184682
2025-03-05 01:44:37 -0500,1,9787532184774
2025-04-12 06:41:29 -0400,3,9787532185214
2025-04-12 05:18:49 -0400,1,9787532185672
2025-04-12 06:49:38 -0400,2,9787532186679
2025-03-05 00:46:12 -0500,2,9787532187409
2025-04-12 07:13:09 -0400,2,9787532563470
2025-04-12 07:13:20 -0400,2,9787532563548
2025-04-12 05:32:36 -0400,1,9787532642571
2025-04-12 05:32:41 -0400,1,9787532642588
2025-04-12 05:32:12 -0400,1,9787532642595
2025-04-12 05:32:29 -0400,1,9787532642601
2025-04-12 05:32:19 -0400,1,9787532642618
2025-04-12 05:33:54 -0400,1,9787532642625
2025-04-12 06:22:57 -0400,3,9787532763214
2025-03-03 00:22:30 -0500,1,9787532766253
2025-03-05 20:28:58 -0500,1,9787532768349
2025-03-05 18:44:35 -0500,3,9787532772643
2025-03-03 00:27:40 -0500,1,9787532772858
2025-03-05 00:31:13 -0500,2,9787532774326
2025-04-12 06:26:00 -0400,1,9787532775552
2025-04-12 06:20:54 -0400,2,9787532776313
2025-04-12 06:46:06 -0400,2,9787532777082
2025-04-12 05:38:04 -0400,4,9787532777914
2025-04-12 06:39:02 -0400,1,9787532778478
2025-03-03 00:23:30 -0500,2,9787532779109
2025-04-12 06:49:42 -0400,3,9787532782918
2025-04-12 05:53:40 -0400,1,9787532783915
2025-03-03 00:20:00 -0500,3,9787532784301
2025-03-03 00:02:09 -0500,2,9787532784790
2025-04-12 05:22:06 -0400,1,9787532785575
2025-03-03 00:15:55 -0500,1,9787532786114
2025-04-12 06:27:28 -0400,1,9787532786121
2025-03-03 00:21:15 -0500,2,9787532786831
2025-04-12 06:26:32 -0400,1,9787532788002
2025-04-12 06:26:38 -0400,2,9787532788057
2025-03-03 00:20:30 -0500,1,9787532788149
2025-04-12 05:50:50 -0400,2,9787532788408
2025-03-05 20:48:19 -0500,1,9787532789047
2025-03-05 20:59:26 -0500,1,9787532789627
2025-03-03 00:19:37 -0500,1,9787532790227
2025-04-12 06:21:27 -0400,3,9787532791262
2025-03-05 20:59:06 -0500,2,9787532792481
2025-04-12 07:02:14 -0400,2,9787533471996
2025-03-05 20:28:45 -0500,1,9787533939601
2025-03-05 00:47:05 -0500,1,9787533944711
2025-04-12 06:26:57 -0400,2,9787533948641
2025-04-12 07:10:52 -0400,1,9787533949549
2025-03-03 00:30:31 -0500,3,9787533953263
2025-03-03 00:28:35 -0500,1,9787533960759
2025-03-03 00:28:16 -0500,2,9787533961718
2025-03-03 00:28:08 -0500,1,9787533962968
2025-04-12 06:22:08 -0400,2,9787533964566
2025-03-05 00:33:37 -0500,2,9787533964931
2025-03-03 00:28:45 -0500,1,9787533966065
2025-03-03 00:26:35 -0500,1,9787533966294
2025-04-11 23:29:13 -0400,2,9787533966980
2025-03-05 00:47:39 -0500,2,9787533970376
2025-04-12 05:17:57 -0400,1,9787534072918
2025-04-12 06:04:06 -0400,1,9787534076619
2025-04-12 05:29:15 -0400,2,9787534326264
2025-04-12 05:34:22 -0400,1,9787534865121
2025-04-12 06:00:10 -0400,5,9787535063656
2025-04-12 07:08:11 -0400,2,9787535483331
2025-04-12 07:07:53 -0400,2,9787535483348
2025-04-12 05:59:55 -0400,1,9787535681539
2025-03-05 20:02:40 -0500,1,9787535699688
2025-04-12 06:49:49 -0400,1,9787536061569
2025-03-03 00:29:34 -0500,1,9787536078062
2025-04-12 07:06:51 -0400,2,9787536079359
2025-03-03 00:29:00 -0500,1,9787536079557
2025-03-05 00:29:15 -0500,1,9787536085725
2025-03-03 00:30:45 -0500,1,9787536088498
2025-03-05 00:28:59 -0500,3,9787536088818
2025-03-05 01:03:45 -0500,1,9787536091511
2025-03-05 01:44:29 -0500,1,9787536094420
2025-03-03 00:03:45 -0500,2,9787536095021
2025-03-03 00:03:47 -0500,3,9787536095038
2025-04-12 05:47:43 -0400,2,9787536464315
2025-03-05 19:20:41 -0500,1,9787537862837
2025-03-05 00:45:49 -0500,1,9787537864640
2025-03-05 00:49:38 -0500,2,9787537865029
2025-03-05 01:33:53 -0500,3,9787538769319
2025-04-12 07:06:05 -0400,1,9787539491363
2025-04-12 07:07:06 -0400,2,9787540227593
2025-03-05 00:31:58 -0500,1,9787540242305
2025-03-15 18:22:40 -0400,1,9787540449452
2025-03-15 18:23:23 -0400,1,9787540449476
2025-03-15 18:22:13 -0400,1,9787540449490
2025-03-15 18:22:03 -0400,1,9787540449544
2025-03-15 18:22:48 -0400,1,9787540449568
2025-03-15 18:25:13 -0400,1,9787540467104
2025-03-15 18:23:18 -0400,2,9787540474638
2025-03-15 18:23:11 -0400,1,9787540478803
2025-03-15 18:25:19 -0400,1,9787540480684
2025-03-15 18:23:07 -0400,1,9787540480691
2025-03-15 18:23:00 -0400,1,9787540480707
2025-03-05 01:08:00 -0500,2,9787540480974
2025-03-15 18:21:47 -0400,1,9787540483715
2025-03-15 18:23:29 -0400,1,9787540483739
2025-03-15 18:21:40 -0400,1,9787540483760
2025-03-15 18:21:56 -0400,1,9787540483814
2025-04-12 06:40:06 -0400,2,9787540486228
2025-04-12 06:45:24 -0400,2,9787540488796
2025-03-03 00:29:59 -0500,3,9787540494155
2025-04-12 06:55:14 -0400,1,9787540497743
2025-04-12 05:52:41 -0400,2,9787540789312
2025-03-03 00:09:35 -0500,1,9787540793746
2025-04-12 05:34:41 -0400,2,9787541141355
2025-04-12 05:18:28 -0400,1,9787541147401
2025-03-05 00:51:00 -0500,1,9787541150593
2025-03-05 01:33:31 -0500,1,9787541155314
2025-04-12 05:31:59 -0400,1,9787541156045
2025-03-05 01:04:20 -0500,2,9787541157264
2025-03-05 00:34:28 -0500,2,9787541158612
2025-03-05 00:40:28 -0500,1,9787541159206
2025-04-12 05:52:03 -0400,2,9787541161575
2025-04-12 06:23:48 -0400,2,9787541164156
2025-04-12 06:40:34 -0400,14,9787541164880
2025-03-03 00:23:11 -0500,2,9787541165146
2025-04-12 05:28:52 -0400,1,9787541828423
2025-04-12 05:52:57 -0400,7,9787542643216
2025-03-05 20:11:01 -0500,9,9787542669964
2025-03-05 01:01:32 -0500,2,9787542669988
2025-03-05 01:07:24 -0500,2,9787542672506
2025-03-05 00:41:51 -0500,2,9787542674173
2025-04-12 05:23:35 -0400,1,9787542675415
2025-04-12 05:54:50 -0400,1,9787542677082
2025-04-12 05:31:03 -0400,1,9787542677327
2025-04-12 07:05:15 -0400,1,9787542677624
2025-03-05 20:52:55 -0500,2,9787542677976
2025-03-05 01:34:03 -0500,2,9787542678621
2025-03-05 20:54:11 -0500,1,9787542680860
2025-04-12 05:45:17 -0400,3,9787542685711
2025-03-02 23:57:19 -0500,1,9787542698964
2025-03-03 00:26:07 -0500,1,9787544258197
2025-04-12 06:25:30 -0400,1,9787544265409
2025-03-03 00:02:25 -0500,1,9787544285117
2025-03-03 00:21:55 -0500,2,9787544293662
2025-03-02 23:59:10 -0500,1,9787544479363
2025-04-12 05:29:44 -0400,1,9787544521307
2025-03-03 00:24:32 -0500,2,9787544722346
2025-03-05 20:27:25 -0500,2,9787544754521
2025-03-03 00:02:17 -0500,1,9787544766746
2025-03-03 00:02:21 -0500,1,9787544766760
2025-03-05 00:50:09 -0500,2,9787544772587
2025-03-05 00:39:28 -0500,2,9787544784054
2025-04-12 06:37:59 -0400,2,9787544784542
2025-03-05 20:05:21 -0500,1,9787544785419
2025-03-05 01:06:57 -0500,2,9787544788144
2025-03-03 00:24:21 -0500,1,9787544788281
2025-03-05 01:44:16 -0500,1,9787544788939
2025-04-11 23:28:52 -0400,1,9787544789981
2025-04-12 06:45:13 -0400,2,9787544791106
2025-03-03 00:04:07 -0500,2,9787544793209
2025-03-03 00:29:41 -0500,2,9787544793612
2025-04-11 23:34:43 -0400,2,9787544793629
2025-03-02 23:59:43 -0500,1,9787544793636
2025-03-05 01:03:04 -0500,2,9787544794855
2025-04-11 23:30:20 -0400,2,9787544798273
2025-04-12 05:17:44 -0400,1,9787544798327
2025-04-11 23:33:22 -0400,1,9787545219586
2025-03-05 01:43:10 -0500,1,9787545546927
2025-03-05 20:23:21 -0500,2,9787545559583
2025-04-12 06:23:33 -0400,2,9787545562774
2025-03-05 20:50:08 -0500,1,9787545815429
2025-04-11 23:29:02 -0400,2,9787545819724
2025-03-03 00:09:27 -0500,1,9787547315002
2025-03-05 19:49:53 -0500,2,9787547320884
2025-04-12 06:49:24 -0400,3,9787547321669
2025-04-12 05:50:56 -0400,1,9787547517086
2025-03-05 01:00:14 -0500,4,9787547738207
2025-04-11 23:36:16 -0400,2,9787547739716
2025-04-12 05:25:35 -0400,2,9787547742723
2025-04-12 06:49:10 -0400,2,9787547743089
2025-04-11 23:26:26 -0400,1,9787547743126
2025-03-05 01:07:42 -0500,2,9787547746202
2025-04-12 05:38:58 -0400,1,9787548061441
2025-04-12 05:39:07 -0400,1,9787548061656
2025-04-12 05:57:31 -0400,1,9787548073338
2025-03-15 18:06:25 -0400,1,9787548446163
2025-04-12 05:51:03 -0400,1,9787548615941
2025-03-05 00:35:59 -0500,1,9787549507887
2025-03-05 01:47:44 -0500,1,9787549522644
2025-03-03 00:10:22 -0500,2,9787549535439
2025-04-11 23:34:50 -0400,2,9787549565252
2025-04-12 05:59:33 -0400,1,9787549579495
2025-03-05 00:29:37 -0500,1,9787549580439
2025-03-05 00:29:31 -0500,1,9787549593255
2025-03-05 01:02:03 -0500,1,9787549596782
2025-04-12 06:25:43 -0400,1,9787549601851
2025-03-05 20:08:43 -0500,1,9787549629046
2025-04-12 06:44:30 -0400,2,9787549637287
2025-03-05 20:52:03 -0500,1,9787549637300
2025-04-12 05:38:24 -0400,2,9787549640485
2025-04-12 07:09:02 -0400,1,9787550008533
2025-03-05 01:37:04 -0500,3,9787550044463
2025-03-05 19:31:32 -0500,2,9787550184602
2025-04-12 05:22:30 -0400,1,9787550287327
2025-04-12 07:10:28 -0400,3,9787550617896
2025-04-12 06:47:35 -0400,2,9787551158282
2025-03-05 20:22:15 -0500,1,9787551315654
2025-04-12 07:12:44 -0400,2,9787553117911
2025-04-12 06:29:43 -0400,1,9787553483375
2025-04-12 06:54:31 -0400,1,9787553516387
2025-04-12 06:03:11 -0400,2,9787553798448
2025-04-12 06:59:07 -0400,1,9787553809212
2025-03-03 00:19:12 -0500,2,9787555112884
2025-04-12 06:42:41 -0400,2,9787555269427
2025-03-05 01:44:10 -0500,1,9787555900559
2025-03-03 00:03:41 -0500,1,9787555913740
2025-04-12 06:48:16 -0400,1,9787556116621
2025-04-12 05:54:54 -0400,1,9787556121250
2025-04-12 06:40:50 -0400,2,9787557025922
2025-04-12 05:30:35 -0400,1,9787557904470
2025-03-05 20:22:45 -0500,1,9787558030031
2025-04-12 05:59:13 -0400,1,9787558092817
2025-03-05 01:04:42 -0500,1,9787559431523
2025-04-12 05:46:32 -0400,1,9787559433282
2025-03-05 20:22:33 -0500,2,9787559443670
2025-03-05 00:46:20 -0500,1,9787559449474
2025-03-15 18:07:16 -0400,1,9787559451965
2025-03-05 00:44:53 -0500,1,9787559461322
2025-03-05 00:32:04 -0500,1,9787559463623
2025-03-05 01:02:08 -0500,1,9787559467409
2025-03-05 01:02:35 -0500,1,9787559613035
2025-03-05 20:51:43 -0500,5,9787559614636
2025-04-12 06:22:14 -0400,1,9787559624550
2025-04-12 06:55:41 -0400,2,9787559629210
2025-03-05 00:45:03 -0500,2,9787559632357
2025-03-05 00:35:34 -0500,2,9787559636041
2025-04-12 05:53:22 -0400,2,9787559636676
2025-03-05 00:59:20 -0500,1,9787559640246
2025-03-03 00:26:40 -0500,1,9787559640567
2025-04-12 05:13:42 -0400,1,9787559644282
2025-03-05 00:51:10 -0500,2,9787559646187
2025-03-05 00:32:14 -0500,2,9787559646446
2025-03-05 00:48:05 -0500,1,9787559651716
2025-03-05 00:30:42 -0500,2,9787559652867
2025-03-05 00:30:00 -0500,2,9787559655097
2025-03-05 00:35:00 -0500,2,9787559656377
2025-03-05 19:21:57 -0500,1,9787559660268
2025-03-05 20:52:15 -0500,3,9787559660497
2025-03-05 00:28:39 -0500,2,9787559661791
2025-03-05 00:53:06 -0500,1,9787559661975
2025-04-11 23:34:34 -0400,1,9787559662101
2025-04-11 23:30:25 -0400,1,9787559662170
2025-03-05 01:12:55 -0500,1,9787559662729
2025-03-05 00:31:37 -0500,1,9787559664358
2025-04-12 05:21:41 -0400,1,9787559665270
2025-03-05 00:46:00 -0500,1,9787559665973
2025-04-12 06:18:45 -0400,2,9787559668073
2025-04-12 05:13:02 -0400,2,9787559668080
2025-04-12 05:34:02 -0400,2,9787559668684
2025-03-05 19:18:30 -0500,2,9787559670984
2025-03-03 00:26:27 -0500,2,9787559671288
2025-03-05 00:48:46 -0500,1,9787559671738
2025-03-05 00:39:09 -0500,1,9787559677082
2025-03-05 01:07:07 -0500,2,9787559800848
2025-04-12 06:37:13 -0400,1,9787559807076
2025-04-12 06:37:04 -0400,1,9787559807328
2025-04-12 06:37:33 -0400,2,9787559809513
2025-03-05 01:47:57 -0500,2,9787559810021
2025-03-05 00:51:47 -0500,2,9787559813961
2025-03-05 01:03:54 -0500,2,9787559816474
2025-03-05 01:00:48 -0500,2,9787559816719
2025-03-03 00:03:27 -0500,4,9787559817006
2025-04-12 06:27:04 -0400,1,9787559817617
2025-04-12 06:03:15 -0400,1,9787559821225
2025-04-12 05:15:44 -0400,2,9787559825285
2025-04-12 05:36:32 -0400,1,9787559825315
2025-03-03 00:21:36 -0500,1,9787559826060
2025-04-12 05:51:25 -0400,2,9787559829092
2025-03-05 00:35:40 -0500,2,9787559833129
2025-03-03 00:25:18 -0500,1,9787559835338
2025-04-12 05:13:15 -0400,4,9787559837011
2025-03-05 20:45:21 -0500,1,9787559837868
2025-04-11 23:28:09 -0400,1,9787559843791
2025-04-11 23:40:34 -0400,2,9787559844286
2025-03-05 01:05:21 -0500,1,9787559846532
2025-04-11 23:28:01 -0400,1,9787559846808
2025-04-12 05:48:10 -0400,1,9787559847096
2025-04-12 06:31:33 -0400,1,9787559847157
2025-04-12 06:36:02 -0400,3,9787559847263
2025-04-12 06:35:54 -0400,1,9787559847270
2025-04-12 06:36:09 -0400,2,9787559847560
2025-03-03 00:04:16 -0500,2,9787559849243
2025-03-05 00:32:55 -0500,1,9787559851970
2025-04-12 05:13:09 -0400,2,9787559853110
2025-04-12 05:36:11 -0400,1,9787559853547
2025-04-11 23:30:07 -0400,1,9787559854209
2025-04-11 23:25:44 -0400,1,9787559855060
2025-04-11 23:28:36 -0400,1,9787559856463
2025-03-05 00:44:34 -0500,1,9787559856739
2025-04-12 05:57:42 -0400,1,9787559856746
2025-04-12 06:31:47 -0400,2,9787559857637
2025-03-05 00:45:22 -0500,1,9787559857682
2025-03-05 00:33:33 -0500,1,9787559858115
2025-03-03 00:14:01 -0500,2,9787559860156
2025-03-05 20:00:13 -0500,1,9787559862044
2025-03-03 00:10:18 -0500,1,9787560575766
2025-04-12 05:52:25 -0400,3,9787562181958
2025-03-05 20:36:01 -0500,2,9787562477464
2025-04-12 06:00:29 -0400,2,9787563366958
2025-04-12 06:28:23 -0400,1,9787563397594
2025-03-05 00:42:10 -0500,1,9787564922283
2025-04-12 05:14:50 -0400,2,9787567134423
2025-03-05 00:54:38 -0500,1,9787567501263
2025-03-05 00:27:26 -0500,1,9787567536081
2025-03-05 00:49:58 -0500,1,9787567551183
2025-03-05 00:36:10 -0500,1,9787567598348
2025-03-05 20:22:06 -0500,3,9787568050562
2025-04-12 05:59:45 -0400,2,9787568902144
2025-03-05 00:54:46 -0500,2,9787568910309
2025-04-12 06:02:36 -0400,4,9787568914307
2025-03-05 20:01:10 -0500,1,9787568923453
2025-03-05 00:30:22 -0500,2,9787568929974
2025-04-12 05:40:06 -0400,2,9787568938198
2025-04-12 06:47:48 -0400,2,9787569930269
2025-03-03 00:03:17 -0500,2,9787569940855
2025-04-12 06:52:55 -0400,2,9787569942798
2025-03-05 00:50:17 -0500,1,9787570214570
2025-04-12 06:03:21 -0400,1,9787570216345
2025-03-05 01:42:21 -0500,1,9787570224982
2025-03-05 00:51:52 -0500,1,9787570229116
2025-03-05 20:53:20 -0500,1,9787570329083
2025-03-03 00:32:42 -0500,1,9787572221965
2025-03-03 00:32:17 -0500,1,9787572225420
2025-03-03 00:32:27 -0500,1,9787572225482
2025-03-03 00:32:23 -0500,1,9787572225789
2025-03-03 00:18:45 -0500,1,9787572601187
2025-04-12 06:53:34 -0400,1,9787572605673
2025-03-05 19:32:03 -0500,2,9787572605727
2025-04-12 06:49:04 -0400,1,9787572607943
2025-03-05 20:26:23 -0500,2,9787572609268
2025-03-05 21:00:45 -0500,1,9787572609701
2025-03-05 20:27:19 -0500,2,9787572610301
2025-03-03 00:20:59 -0500,1,9787572612466
2025-03-05 21:05:46 -0500,2,9787573502490
2025-04-11 23:33:01 -0400,1,9787573600561
2025-04-11 23:24:39 -0400,1,9787574006041
2025-04-12 05:53:06 -0400,1,9787576004205
2025-03-05 00:49:22 -0500,1,9787576007244
2025-04-12 05:39:44 -0400,1,9787576014945
2025-03-05 00:47:55 -0500,1,9787576027266
2025-03-05 00:35:50 -0500,2,9787576027358
2025-04-12 06:51:31 -0400,2,9787576027808
2025-04-12 06:00:38 -0400,1,9787801067579
2025-03-05 01:00:01 -0500,1,9787807097440
2025-03-05 00:46:06 -0500,1,9787807098331
2025-04-12 05:15:13 -0400,1,9787807407447
2025-04-12 05:25:14 -0400,1,9789570506563
2025-03-05 20:29:16 -0500,1,9789570534221
2025-04-12 06:45:56 -0400,1,9789572655627
2025-04-12 06:45:37 -0400,1,9789572675755
2025-03-05 01:04:57 -0500,1,9789573296690
2025-04-12 06:39:58 -0400,1,9789573330264
2025-03-05 20:41:12 -0500,1,9789574187140
2025-03-05 00:31:51 -0500,1,9789576743597
2025-04-12 06:25:50 -0400,1,9789579447416
2025-04-12 06:27:17 -0400,1,9789579447782
2025-03-05 01:47:18 -0500,1,9789620441073
2025-04-12 05:51:46 -0400,1,9789620450280
2025-03-05 01:46:41 -0500,1,9789644441066
2025-03-05 20:44:51 -0500,1,9789861761022
2025-04-12 06:49:32 -0400,1,9789862354483
2025-03-05 00:47:12 -0500,1,9789863269236
2025-04-12 05:46:05 -0400,1,9789863443384
2025-04-12 06:51:57 -0400,3,9789863444091
2025-03-15 18:06:34 -0400,1,9789863444336
2025-04-12 06:20:10 -0400,1,9789863446682
2025-03-05 01:47:05 -0500,1,9789863504283
2025-03-05 01:47:27 -0500,1,9789863875895
2025-03-05 01:46:53 -0500,1,9789863875925
2025-03-05 01:05:07 -0500,1,9789863875956
2025-03-05 01:48:38 -0500,2,9789864457199
2025-04-12 05:48:53 -0400,1,9789865081522
2025-04-12 06:46:52 -0400,3,9789865580001
2025-04-12 06:19:37 -0400,1,9789865580704
2025-04-12 06:48:04 -0400,1,9789865580735
2025-03-05 01:48:33 -0500,1,9789865823047
2025-04-12 05:57:11 -0400,1,9789866490316
2025-04-12 06:01:15 -0400,1,9789881902528
2025-03-15 18:06:08 -0400,1,9789887603221
2025-04-12 06:19:48 -0400,3,9789887648956
2025-04-12 05:52:13 -0400,1,9789888675746
2025-03-05 01:49:29 -0500,1,9970528081465